Scheme,mu,Parties,Iterations,VM,Commit (ms),Open (ms),Prover (ms),Verify (ms),Proof Size (KB),Comm (bytes),CV (%),Timestamp
dBasefold-PCS,21,2,10,e2-highmem-8,2473.42,1343.89,3817.32,74.39,10229.19,10474822,1.3,2026-02-02 22:36
dBasefold-PCS,22,2,10,e2-highmem-8,5103.99,2691.26,7795.25,87.83,12091.92,12382262,1.5,2026-02-02 22:38
dBasefold-PCS,22,4,10,e2-highmem-4,2432.24,1342.79,3775.03,72.58,10229.19,31424394,2.3,2026-02-02 16:05
dBasefold-PCS,23,2,10,e2-highmem-8,10549.73,5379.42,15929.15,104.03,14318.75,14662534,1.5,2026-02-02 22:41
dBasefold-PCS,23,4,10,e2-highmem-4,4963.22,2649.71,7612.93,85.35,12091.92,37146714,1.5,2026-02-02 16:07
dBasefold-PCS,23,8,10,e2-highmem-4,2928.53,1728.64,4657.17,87.00,10229.19,73323538,1.7,2026-02-02 02:11
dBasefold-PCS,24,2,10,e2-highmem-8,21591.30,10769.40,32360.69,119.47,16980.58,17388246,0.8,2026-02-02 22:47
dBasefold-PCS,24,4,10,e2-highmem-4,10405.16,5278.60,15683.76,101.58,14318.75,43987530,2.3,2026-02-02 16:10
dBasefold-PCS,24,8,10,e2-highmem-4,6160.30,3354.82,9515.13,102.92,12091.92,86675618,2.9,2026-02-02 02:13
dBasefold-PCS,25,2,10,e2-highmem-8,44657.24,21432.77,66090.01,142.80,20241.44,20727366,0.6,2026-02-02 22:59
dBasefold-PCS,25,4,10,e2-highmem-4,20971.34,10558.98,31530.32,117.42,16980.58,52164666,1.4,2026-02-02 16:16
dBasefold-PCS,25,8,10,e2-highmem-4,12704.77,6699.14,19403.92,119.39,14318.75,102637522,3.2,2026-02-02 02:17
dBasefold-PCS,25,16,10,e2-highmem-2,5518.88,3234.28,8753.15,96.86,12091.92,185733426,14.9,2026-02-01 08:19
dBasefold-PCS,26,4,10,e2-highmem-4,44041.52,21513.72,65555.24,141.88,20241.44,62182026,1.0,2026-02-02 16:29
dBasefold-PCS,26,8,10,e2-highmem-4,26188.86,13423.71,39612.57,138.87,16980.58,121717506,3.2,2026-02-02 02:24
dBasefold-PCS,26,16,10,e2-highmem-2,11004.53,5863.95,16868.48,104.73,14318.75,219937506,4.8,2026-02-01 08:23
dBasefold-PCS,27,8,5,e2-highmem-4,62291.29,27307.63,89598.92,163.46,20241.44,145091346,23.5,2026-02-02 01:50
dBasefold-PCS,27,16,10,e2-highmem-2,22393.32,12013.51,34406.83,128.33,16980.58,260823186,10.3,2026-02-01 08:32
dDory-PCS,10,2,10,e2-highmem-8,38.83,238.31,277.14,30.12,16.13,17978,0.9,2026-02-02 22:59
dDory-PCS,10,4,10,e2-highmem-4,27.61,166.47,194.08,28.97,16.13,44208,1.7,2026-02-02 16:29
dDory-PCS,11,2,10,e2-highmem-8,69.04,262.28,331.32,30.44,16.13,18042,3.7,2026-02-02 23:00
dDory-PCS,11,4,10,e2-highmem-4,38.32,254.19,292.51,30.89,18.67,53742,0.9,2026-02-02 16:30
dDory-PCS,11,8,5,e2-highmem-4,55.74,448.28,504.02,86.31,18.67,103208,4.4,2026-02-02 00:42
dDory-PCS,12,2,10,e2-highmem-8,96.07,427.40,523.47,32.74,18.67,21232,4.4,2026-02-02 23:01
dDory-PCS,12,4,10,e2-highmem-4,73.56,276.91,350.48,31.02,18.67,53934,1.2,2026-02-02 16:31
dDory-PCS,12,8,5,e2-highmem-4,52.10,362.93,415.03,44.12,21.20,125430,0.3,2026-02-02 00:43
dDory-PCS,12,16,10,e2-highmem-2,29.87,273.94,303.81,36.13,21.20,221496,2.5,2026-02-01 05:08
dDory-PCS,13,2,10,e2-highmem-8,217.82,475.46,693.27,32.46,18.67,21296,0.7,2026-02-02 23:01
dDory-PCS,13,4,10,e2-highmem-4,99.36,439.42,538.78,33.05,21.20,63468,3.6,2026-02-02 16:32
dDory-PCS,13,8,5,e2-highmem-4,85.00,392.00,476.99,44.66,21.20,125878,4.5,2026-02-02 00:44
dDory-PCS,13,16,10,e2-highmem-2,41.17,376.13,417.30,36.51,23.73,269094,2.2,2026-02-01 05:09
dDory-PCS,14,2,10,e2-highmem-8,345.35,793.40,1138.76,34.76,21.20,24486,0.5,2026-02-02 23:03
dDory-PCS,14,4,10,e2-highmem-4,214.12,484.61,698.73,33.32,21.20,63660,0.6,2026-02-02 16:33
dDory-PCS,14,8,5,e2-highmem-4,136.20,607.59,743.78,47.25,23.73,148100,3.5,2026-02-02 00:46
dDory-PCS,14,16,10,e2-highmem-2,79.33,412.91,492.24,37.57,23.73,270054,3.6,2026-02-01 05:10
dDory-PCS,15,2,10,e2-highmem-8,687.63,885.18,1572.81,35.23,21.20,24550,0.4,2026-02-02 23:05
dDory-PCS,15,4,10,e2-highmem-4,263.31,800.95,1064.26,35.43,23.73,73194,7.6,2026-02-02 16:35
dDory-PCS,15,8,5,e2-highmem-4,296.28,667.89,964.18,47.26,23.73,148548,0.6,2026-02-02 00:48
dDory-PCS,15,16,10,e2-highmem-2,105.27,612.77,718.04,40.73,26.26,317652,3.2,2026-02-01 05:12
dDory-PCS,16,2,10,e2-highmem-8,1013.03,1515.17,2528.19,37.38,23.73,27740,8.8,2026-02-02 23:08
dDory-PCS,16,4,10,e2-highmem-4,587.94,897.79,1485.73,35.74,23.73,73386,10.1,2026-02-02 16:38
dDory-PCS,16,8,5,e2-highmem-4,382.68,1090.28,1472.96,50.54,26.26,170770,8.2,2026-02-02 00:52
dDory-PCS,16,16,10,e2-highmem-2,187.91,672.09,859.99,39.94,26.26,318612,4.9,2026-02-01 05:17
dDory-PCS,17,2,10,e2-highmem-8,1704.27,1684.47,3388.74,37.78,23.73,27804,16.4,2026-02-02 23:15
dDory-PCS,17,4,10,e2-highmem-4,1070.21,1877.99,2948.20,42.16,26.26,82920,9.8,2026-02-02 05:56
dDory-PCS,17,8,5,e2-highmem-4,761.52,1202.04,1963.56,50.47,26.26,171218,11.7,2026-02-02 01:08
dDory-PCS,17,16,10,e2-highmem-2,288.39,1067.80,1356.19,42.02,28.79,366210,4.7,2026-02-01 05:24
dDory-PCS,18,2,10,e2-highmem-8,2863.56,2923.97,5787.53,40.46,26.26,30994,16.5,2026-02-02 23:27
dDory-PCS,18,4,10,e2-highmem-4,2139.92,2108.92,4248.84,42.41,26.26,83112,13.8,2026-02-02 06:11
dDory-PCS,18,8,5,e2-highmem-4,943.86,2035.46,2979.32,53.59,28.79,193440,10.7,2026-02-02 01:23
dDory-PCS,18,16,10,e2-highmem-2,574.11,1184.84,1758.95,42.55,28.79,367170,7.3,2026-02-01 05:40
dDory-PCS,27,16,1,fitted,275666.65,24706.78,300373.42,,,,,2026-02-01 06:20
dDory-PCS,28,16,1,fitted,551299.33,34868.10,586167.44,,,,,2026-02-01 06:20
dDory-PCS,29,16,1,fitted,1102564.70,49238.39,1151803.09,,,,,2026-02-01 06:20
dDory-PCS,30,16,1,fitted,2205095.44,69561.05,2274656.48,,,,,2026-02-01 06:20
dFRIttata-PCS,20,2,10,e2-highmem-8,1226.41,7.67,1234.09,21.25,1277.13,17116218,2.0,2026-02-02 23:28
dFRIttata-PCS,21,2,10,e2-highmem-8,2473.51,8.42,2481.93,23.14,1428.51,33917210,1.4,2026-02-02 23:29
dFRIttata-PCS,22,2,10,e2-highmem-8,5042.31,9.49,5051.80,25.73,1592.21,67500826,2.1,2026-02-02 23:31
dFRIttata-PCS,22,4,10,e2-highmem-8,3106.39,9.92,3116.31,41.17,2136.66,101754954,1.6,2026-02-02 21:38
dFRIttata-PCS,22,8,10,e2-highmem-4,1816.84,16.92,1833.76,63.63,3229.30,119790269,2.6,2026-02-02 20:26
dFRIttata-PCS,23,2,10,e2-highmem-8,10168.65,10.55,10179.19,27.70,1771.24,134635898,1.0,2026-02-02 23:34
dFRIttata-PCS,23,4,10,e2-highmem-8,6265.06,11.48,6276.54,44.39,2353.61,202497930,1.1,2026-02-02 21:41
dFRIttata-PCS,23,8,10,e2-highmem-4,3669.02,16.29,3685.31,68.44,3582.64,237461578,1.9,2026-02-02 20:28
dFRIttata-PCS,23,16,10,e2-highmem-2,2916.48,28.27,2944.75,94.87,5881.39,256741098,5.9,2026-02-02 19:20
dFRIttata-PCS,24,2,10,e2-highmem-8,21011.75,13.34,21025.09,29.99,1958.12,268879546,11.7,2026-02-02 23:41
dFRIttata-PCS,24,4,10,e2-highmem-8,12556.84,13.54,12570.39,47.76,2578.55,403902762,0.9,2026-02-02 21:45
dFRIttata-PCS,24,8,10,e2-highmem-4,7532.93,17.64,7550.57,74.19,3869.21,472490666,1.2,2026-02-02 20:30
dFRIttata-PCS,24,16,10,e2-highmem-2,6005.72,27.25,6032.98,102.16,6370.64,508776138,2.7,2026-02-02 19:22
dFRIttata-PCS,25,4,10,e2-highmem-8,25235.57,13.35,25248.92,51.42,2835.67,806648298,0.6,2026-02-02 21:53
dFRIttata-PCS,25,8,10,e2-highmem-4,15043.73,19.19,15062.92,77.98,4215.14,942452298,1.1,2026-02-02 20:35
dFRIttata-PCS,25,16,10,e2-highmem-2,12265.73,30.98,12296.70,111.16,6953.55,1012541418,1.7,2026-02-02 19:26
dFRIttata-PCS,26,4,10,e2-highmem-8,50545.48,14.85,50560.33,54.45,3065.28,1612030698,0.6,2026-02-02 22:08
dFRIttata-PCS,26,8,10,e2-highmem-4,30204.08,18.33,30222.41,82.59,4554.49,1882167466,1.1,2026-02-02 20:44
dFRIttata-PCS,26,16,10,e2-highmem-2,24159.41,35.61,24195.02,121.67,7452.46,2019531978,4.3,2026-02-02 19:32
dHyperFond,17,2,10,e2-highmem-8,,,1241.36,141.76,10110.05,10352045,2.0,2026-02-02 23:42
dHyperFond,18,2,10,e2-highmem-8,,,2344.15,162.53,11672.22,11951667,1.0,2026-02-02 23:43
dHyperFond,18,4,10,e2-highmem-4,,,1528.97,298.14,10111.58,31055235,2.1,2026-02-02 06:12
dHyperFond,19,2,10,e2-highmem-8,,,4552.92,189.08,13493.31,13816425,1.1,2026-02-02 23:45
dHyperFond,19,4,10,e2-highmem-4,,,2905.90,345.93,11673.84,35854047,5.1,2026-02-02 06:13
dHyperFond,19,8,10,e2-highmem-4,,,1658.26,644.83,10113.11,72461615,2.1,2026-02-02 02:26
dHyperFond,20,2,10,e2-highmem-8,,,9066.50,221.08,15581.98,15955183,1.7,2026-02-02 23:47
dHyperFond,20,4,10,e2-highmem-4,,,5547.67,392.02,13495.03,41448267,3.7,2026-02-02 06:14
dHyperFond,20,8,10,e2-highmem-4,,,2979.90,742.43,11675.47,83658807,1.5,2026-02-02 02:27
dHyperFond,20,16,10,e2-highmem-2,,,2351.50,1166.28,10114.64,155274375,2.8,2026-02-01 20:21
dHyperFond,21,2,10,e2-highmem-8,,,18177.77,258.75,18019.67,18451333,1.7,2026-02-02 23:51
dHyperFond,21,4,10,e2-highmem-4,,,10781.26,464.78,15583.80,47864487,1.5,2026-02-02 06:17
dHyperFond,21,8,10,e2-highmem-4,,,5665.28,858.96,13496.75,96711951,2.8,2026-02-02 02:28
dHyperFond,21,16,10,e2-highmem-2,,,3753.19,1346.39,11677.09,179268327,5.3,2026-02-01 20:35
dHyperFond,22,2,10,e2-highmem-8,,,37450.23,312.51,20876.56,21376747,3.6,2026-02-02 23:59
dHyperFond,22,4,10,e2-highmem-4,,,21785.44,571.86,18021.58,55352883,1.1,2026-02-02 06:22
dHyperFond,22,8,10,e2-highmem-4,,,11045.80,996.60,15585.61,111683095,3.5,2026-02-02 02:31
dHyperFond,22,16,10,e2-highmem-2,,,6263.56,1572.05,13498.47,207239319,1.4,2026-02-01 20:25
dHyperFond,23,2,10,e2-highmem-8,,,77906.39,400.44,24262.94,24844353,2.5,2026-02-03 00:15
dHyperFond,23,4,10,e2-highmem-4,,,44105.57,681.92,20878.56,64129071,1.9,2026-02-02 06:31
dHyperFond,23,8,10,e2-highmem-4,,,21700.46,745.40,18023.48,129155983,1.1,2026-02-03 04:01
dHyperFond,23,16,10,e2-highmem-2,,,11535.81,1840.41,15587.42,239320311,1.0,2026-02-01 20:28
dHyperFond,24,4,10,e2-highmem-4,,,90185.97,833.37,24265.03,74531835,3.8,2026-02-02 06:50
dHyperFond,24,8,10,e2-highmem-4,,,44691.05,1444.91,20880.56,149633719,1.8,2026-02-02 02:47
dHyperFond,24,16,10,e2-highmem-2,,,23334.38,2234.24,18025.39,276762183,3.9,2026-02-01 22:25
dHyperFond,25,8,10,e2-highmem-4,,,91117.62,1797.01,24267.12,173906799,3.1,2026-02-02 03:06
dHyperFond,25,16,10,e2-highmem-2,,,46276.06,3113.12,20882.56,320643015,3.8,2026-02-01 22:17
dHyperPianist,17,2,10,e2-highmem-8,,,5759.16,15.51,11.08,26514,0.5,2026-02-03 00:33
dHyperPianist,18,2,10,e2-highmem-8,,,11592.96,15.98,11.66,27944,1.0,2026-02-03 00:36
dHyperPianist,18,4,10,e2-highmem-4,,,7475.85,17.00,11.66,79242,1.2,2026-02-02 06:57
dHyperPianist,19,2,10,e2-highmem-8,,,23184.30,16.40,12.24,29374,1.2,2026-02-03 00:41
dHyperPianist,19,4,10,e2-highmem-4,,,14699.59,17.03,12.24,83496,1.5,2026-02-02 07:01
dHyperPianist,19,8,10,e2-highmem-4,,,7524.82,21.12,12.24,185338,0.2,2026-02-02 03:09
dHyperPianist,20,2,10,e2-highmem-8,,,46710.42,16.94,12.81,30804,0.5,2026-02-03 00:51
dHyperPianist,20,4,10,e2-highmem-8,,,29473.67,21.45,12.81,87750,0.6,2026-02-03 04:22
dHyperPianist,20,8,10,e2-highmem-4,,,14795.86,21.70,12.81,195240,0.4,2026-02-02 03:12
dHyperPianist,20,16,10,e2-highmem-2,,,7669.13,16.93,12.81,398682,2.8,2026-02-01 13:42
dHyperPianist,21,2,10,e2-highmem-8,,,96393.28,17.37,13.39,32234,1.3,2026-02-03 01:12
dHyperPianist,21,4,10,e2-highmem-4,,,61842.85,17.59,13.39,92004,11.7,2026-02-02 07:21
dHyperPianist,21,8,10,e2-highmem-4,,,28915.54,15.60,13.39,205142,2.3,2026-02-03 04:08
dHyperPianist,21,16,10,e2-highmem-2,,,14912.71,17.10,13.39,419880,1.3,2026-02-01 13:46
dHyperPianist,22,8,10,e2-highmem-4,,,59747.57,22.85,13.97,215044,1.8,2026-02-02 03:32
dHyperPianist,22,16,10,e2-highmem-2,,,30831.47,18.14,13.97,441078,3.1,2026-02-01 13:52
dHyperPianist,23,16,10,e2-highmem-2,,,60792.41,18.48,14.55,462276,2.1,2026-02-01 14:05
dLigeSIS,25,16,10,e2-highmem-2,3309.28,3299.36,6608.64,343.31,328.82,666967736,11.3,2026-01-31 19:48
dLigeSIS,26,16,10,e2-highmem-2,3722.67,5071.55,8794.22,452.55,399.10,847417180,1.3,2026-01-31 19:50
dLigeSIS,27,2,5,e2-highmem-8,28486.92,13266.74,41753.66,698.78,381.04,626041815,2.7,2026-01-31 18:42
dLigeSIS,27,4,5,e2-highmem-4,17481.07,9507.62,26988.69,803.47,389.79,810318561,1.6,2026-01-31 18:15
dLigeSIS,27,8,10,e2-highmem-2,10548.48,7796.77,18345.24,801.48,,1011833896,3.0,2026-01-29 04:08
dLigeSIS,27,16,10,e2-highmem-2,7871.93,6197.35,14069.28,632.58,442.29,1331471319,1.4,2026-01-31 19:53
dLigeSIS,28,2,5,e2-highmem-8,54154.40,24624.80,78779.20,978.00,460.06,896815595,2.8,2026-01-31 18:49
dLigeSIS,28,4,5,e2-highmem-4,32152.75,15763.03,47915.78,925.66,,1132472565,2.0,2026-01-29 05:03
dLigeSIS,28,8,10,e2-highmem-2,17987.80,12834.49,30822.29,1112.17,,1359793356,2.2,2026-01-29 04:13
dLigeSIS,28,16,10,e2-highmem-2,10827.53,10274.63,21102.17,908.99,582.56,1692380692,1.1,2026-01-31 19:57
dLigeSIS,29,2,5,e2-highmem-8,114162.50,33843.00,148005.49,1386.53,544.91,1251276226,3.5,2026-01-31 19:01
dLigeSIS,29,4,5,e2-highmem-4,67699.07,21731.20,89430.27,1297.55,,1618089082,1.4,2026-01-29 05:11
dLigeSIS,29,8,10,e2-highmem-2,37797.78,16084.82,53882.60,1584.64,,2017879654,0.9,2026-01-29 04:23
dLigeSIS,29,16,10,e2-highmem-2,22876.19,12998.09,35874.28,1261.31,667.41,2650537984,1.9,2026-01-31 20:03
dLigeSIS,30,2,5,e2-highmem-8,228297.07,82548.15,310845.21,2017.03,702.68,1792687472,3.9,2026-01-31 19:28
dLigeSIS,30,4,5,e2-highmem-4,131324.04,44550.68,175874.71,1848.86,,2262460006,1.9,2026-01-29 05:27
dLigeSIS,30,8,10,e2-highmem-2,69984.19,28318.29,98302.48,2299.32,,2713798574,2.1,2026-01-29 04:40
dLigeSIS,30,16,10,e2-highmem-2,38460.57,22514.18,60974.74,1891.89,947.68,3372388188,1.9,2026-01-31 20:14
dmKZG-PCS,18,2,10,e2-highmem-8,1040.19,1076.62,2116.81,13.94,0.57,2506,1.1,2026-02-03 01:22
dmKZG-PCS,19,2,10,e2-highmem-8,2094.11,2094.12,4188.23,14.30,0.60,2634,1.1,2026-02-03 01:23
dmKZG-PCS,19,4,10,e2-highmem-4,1385.40,1450.35,2835.75,15.44,0.60,7524,14.4,2026-02-02 07:46
dmKZG-PCS,20,2,10,e2-highmem-8,4349.45,4231.07,8580.52,14.93,0.63,2762,1.4,2026-02-03 01:26
dmKZG-PCS,20,4,10,e2-highmem-4,2578.68,2674.56,5253.24,16.98,0.63,7908,3.8,2026-02-02 07:48
dmKZG-PCS,20,16,10,e2-highmem-2,659.46,777.05,1436.51,14.63,0.63,36480,3.0,2026-02-01 03:04
dmKZG-PCS,21,2,10,e2-highmem-8,8428.58,8578.40,17006.98,15.52,0.67,2890,0.8,2026-02-03 01:30
dmKZG-PCS,21,4,10,e2-highmem-4,5091.76,5149.40,10241.16,16.76,0.67,8292,1.7,2026-02-02 07:51
dmKZG-PCS,21,8,10,e2-highmem-4,2482.57,2663.93,5146.50,22.37,0.67,18616,1.4,2026-02-02 00:08
dmKZG-PCS,21,16,10,e2-highmem-2,1277.55,1417.58,2695.13,15.27,0.67,38400,0.7,2026-02-01 03:40
dmKZG-PCS,22,2,10,e2-highmem-8,16577.47,16981.15,33558.61,15.76,0.70,3018,2.1,2026-02-03 01:38
dmKZG-PCS,22,4,10,e2-highmem-4,9753.66,10173.00,19926.65,17.28,0.70,8676,0.7,2026-02-02 07:57
dmKZG-PCS,22,8,5,e2-highmem-4,5221.87,5285.50,10507.37,19.77,0.70,19512,0.3,2026-02-01 23:09
dmKZG-PCS,22,16,10,e2-highmem-2,2735.32,2778.16,5513.48,15.61,0.70,40320,3.2,2026-02-01 03:34
dmKZG-PCS,23,2,10,e2-highmem-8,31864.52,32638.55,64503.07,16.00,0.73,3146,0.6,2026-02-03 01:52
dmKZG-PCS,23,4,10,e2-highmem-4,20121.67,21952.25,42073.92,18.70,0.73,9060,8.8,2026-02-02 08:08
dmKZG-PCS,23,8,10,e2-highmem-4,9505.27,9995.97,19501.24,24.57,0.73,20408,0.4,2026-02-02 00:18
dmKZG-PCS,23,16,10,e2-highmem-2,5507.14,5495.18,11002.32,15.85,0.73,42240,1.9,2026-02-01 03:17
dmKZG-PCS,24,8,5,e2-highmem-4,19489.74,20394.88,39884.63,21.36,0.76,21304,1.1,2026-02-01 23:28
dmKZG-PCS,24,16,7,e2-highmem-2,10838.32,11089.97,21928.29,16.90,0.76,44160,1.7,2026-02-01 04:50
dmKZG-PCS,27,16,1,fitted,87135.44,88185.42,175320.87,,,,,2026-02-01 06:20
dmKZG-PCS,28,16,1,fitted,174288.82,176328.70,350617.52,,,,,2026-02-01 06:20
dmKZG-PCS,29,16,1,fitted,348595.58,352615.25,701210.83,,,,,2026-02-01 06:20
dmKZG-PCS,30,16,1,fitted,697209.10,705188.35,1402397.46,,,,,2026-02-01 06:20
dPIP-FRI-PCS,23,2,10,e2-highmem-8,2814.37,872.00,3686.37,4.75,279.27,138574749,8.0,2026-02-03 02:12
dPIP-FRI-PCS,24,2,10,e2-highmem-8,5365.34,877.03,6242.37,5.16,334.48,272818631,6.9,2026-02-03 02:14
dPIP-FRI-PCS,24,4,10,e2-highmem-8,2786.05,543.32,3329.37,5.67,328.11,203708677,2.9,2026-02-02 22:09
dPIP-FRI-PCS,25,2,10,e2-highmem-8,11035.92,1737.98,12773.90,5.67,374.45,545465159,4.4,2026-02-03 02:16
dPIP-FRI-PCS,25,4,10,e2-highmem-8,5852.68,1054.71,6907.39,6.32,373.61,407167048,3.3,2026-02-02 22:11
dPIP-FRI-PCS,25,8,5,e2-highmem-4,3253.79,585.63,3839.41,6.41,381.17,237354712,4.5,2026-02-01 22:46
dPIP-FRI-PCS,25,16,5,e2-highmem-2,1735.31,335.57,2070.88,5.79,372.20,127300588,8.9,2026-02-01 07:17
dPIP-FRI-PCS,26,2,10,e2-highmem-8,25774.57,3749.19,29523.76,6.28,412.98,1090749472,7.2,2026-02-03 02:21
dPIP-FRI-PCS,26,4,10,e2-highmem-8,12542.29,2074.90,14617.19,6.87,419.05,814042895,3.3,2026-02-02 22:14
dPIP-FRI-PCS,26,8,5,e2-highmem-4,7016.13,1121.86,8137.99,6.91,416.58,474365490,3.3,2026-02-01 22:47
dPIP-FRI-PCS,26,16,5,e2-highmem-2,3700.28,611.05,4311.33,6.28,412.73,254224863,9.1,2026-02-01 07:18
dPIP-FRI-PCS,27,2,10,e2-highmem-8,55438.44,6979.69,62418.14,6.96,461.70,2181303348,4.9,2026-02-03 02:32
dPIP-FRI-PCS,27,4,10,e2-highmem-8,27459.51,4139.63,31599.14,7.67,460.20,1627786636,2.5,2026-02-02 22:19
dPIP-FRI-PCS,27,8,5,e2-highmem-4,14729.20,2146.76,16875.96,7.68,452.80,948366412,4.1,2026-02-01 22:49
dPIP-FRI-PCS,27,16,5,e2-highmem-2,7961.60,1143.56,9105.17,6.84,452.77,508019026,5.2,2026-02-01 07:27
dPIP-FRI-PCS,28,4,10,e2-highmem-8,64237.93,8307.28,72545.22,8.58,505.42,3255209010,6.2,2026-02-02 22:32
dPIP-FRI-PCS,28,8,5,e2-highmem-4,31851.69,4248.15,36099.85,8.38,504.92,1896326117,2.1,2026-02-01 22:52
dPIP-FRI-PCS,28,16,5,e2-highmem-2,18353.08,2208.09,20561.17,7.53,502.33,1015588524,5.8,2026-02-01 07:37
dPIP-FRI-PCS,29,8,5,e2-highmem-4,71119.66,8485.01,79604.66,9.21,559.17,3792205772,5.8,2026-02-01 23:00
dSumcheck3,26,2,10,e2-highmem-8,,,10415.62,,2.25,2949,0.7,2026-02-03 02:50
dSumcheck3,26,4,10,e2-highmem-4,,,9567.03,,2.25,8052,5.2,2026-02-02 12:06
dSumcheck3,26,8,10,e2-highmem-4,,,6455.76,,2.25,17737,17.1,2026-02-02 03:58
dSumcheck3,26,16,5,e2-standard-2,,,2355.10,,2.25,36162,1.2,2026-01-29 08:13
dSumcheck3,27,2,10,e2-highmem-8,,,20855.91,,2.34,3064,0.8,2026-02-03 02:54
dSumcheck3,27,4,10,e2-highmem-4,,,18709.80,,2.34,8379,3.3,2026-02-02 14:54
dSumcheck3,27,8,10,e2-highmem-4,,,9279.38,,2.34,18488,2.7,2026-02-02 04:00
dSumcheck3,27,16,5,e2-highmem-2,,,4718.51,,2.34,37761,2.8,2026-02-01 06:43
dSumcheck3,28,2,10,e2-highmem-8,,,41601.66,,2.42,3179,0.6,2026-02-03 03:01
dSumcheck3,28,4,10,e2-highmem-4,,,37741.37,,2.42,8706,3.6,2026-02-02 13:07
dSumcheck3,28,8,10,e2-highmem-4,,,18898.01,,2.42,19239,4.7,2026-02-02 04:04
dSumcheck3,28,16,5,e2-standard-2,,,9342.90,,2.42,39360,0.5,2026-01-29 08:15
dSumcheck3,29,2,10,e2-highmem-8,,,83675.23,,2.51,3294,0.7,2026-02-03 03:16
dSumcheck3,29,4,10,e2-highmem-4,,,76637.57,,2.51,9033,3.4,2026-02-02 15:08
dSumcheck3,29,8,10,e2-highmem-4,,,41095.81,,2.51,19990,19.1,2026-02-02 04:12
dSumcheck3,29,16,5,e2-standard-2,,,18753.38,,2.51,40959,1.4,2026-01-29 08:17
dSumcheck3,30,8,10,e2-highmem-4,,,83226.53,,2.59,20741,16.4,2026-02-02 04:27
dSumcheck3,30,16,5,e2-highmem-2,,,38749.84,,2.59,42558,5.0,2026-02-01 06:53
dSumcheck4,26,2,10,e2-highmem-8,,,23555.32,,2.66,3365,0.4,2026-02-03 03:24
dSumcheck4,26,4,10,e2-highmem-4,,,14678.57,,2.66,9252,8.2,2026-02-02 15:11
dSumcheck4,26,8,10,e2-highmem-4,,,7026.25,,2.66,20425,2.6,2026-02-02 04:28
dSumcheck4,26,16,5,e2-standard-2,,,3537.34,,2.66,41682,0.9,2026-01-29 08:22
dSumcheck4,27,2,10,e2-highmem-8,,,46956.92,,2.76,3496,0.5,2026-02-03 03:32
dSumcheck4,27,8,10,e2-highmem-4,,,14667.62,,2.76,21288,10.0,2026-02-02 04:31
dSumcheck4,27,16,5,e2-standard-2,,,7039.14,,2.76,43521,0.8,2026-01-29 08:23
dSumcheck4,28,2,10,e2-highmem-8,,,93918.92,,2.86,3627,0.5,2026-02-03 03:49
dSumcheck4,28,4,10,e2-highmem-4,,,61900.25,,2.86,10002,18.3,2026-02-02 15:27
dSumcheck4,28,8,10,e2-highmem-4,,,27714.03,,2.86,22151,1.0,2026-02-03 04:14
dSumcheck4,28,16,5,e2-highmem-2,,,14160.23,,2.86,45360,1.2,2026-02-01 06:56
dSumcheck4,29,4,10,e2-highmem-4,,,117162.52,,2.96,10377,6.5,2026-02-02 15:48
dSumcheck4,29,8,10,e2-highmem-4,,,56126.07,,2.96,23014,1.1,2026-02-02 04:48
dSumcheck4,29,16,5,e2-standard-2,,,28182.98,,2.96,47199,1.0,2026-01-29 08:27
dSumcheck4,30,8,10,e2-highmem-4,,,117382.72,,3.06,23877,10.1,2026-02-02 05:09
dSumcheck4,30,16,5,e2-standard-2,,,58399.37,,3.06,49038,4.8,2026-01-29 08:32
